colore_di_partenza,colore_di_destinazione
45 BORDEAUX VOILE,Bordeaux e mattone
52 LIGHT SAND,Beige e sabbia
55 PINK Voile,Rosa cipria e nude
ACP,Fantasie: personaggi
ACP ROSE,Rosa cipria e nude
Acqua,Celeste lino e polvere
ACQULONI,Fantasia marina
AMB,Rosso e ciliegia
AMB (ROSSO),Rosso e ciliegia
AQUILONI,Fantasie: natura
ARANCIONE + TOPPE A CONTRASTO,
AZAFATA,Azzurro polvere e denim
B3828 POPLINE ALLOVER,Fantasie: animali
BAT,
BLUE BONNET E3808-5062,Azzurro polvere e denim
BLUETTE,Blu e azzurro intenso
BORDEAUX,Bordeaux e mattone
BRP,Rosa pastello e antico
BTA (Bordò),Bordeaux e mattone
CAPPUCCINO O4444 2018,Marrone e mocha
CBM,Off-white e cloud
CBP,
CEDAR GREEN,Verde bosco e scuri
CEDAR GREEN E3898-4033,Verde bosco e scuri
CEDRO,Giallo e ocra
CELESTE,Celeste lino e polvere
CHARDONNAY,Giallo e ocra
CHARDONNEY,Giallo e ocra
CHD,Giallo e ocra
CID (B3805-2001),Grigio melange e chiaro
CIND B3805-2001,Grigio melange e chiaro
CINDER B3805-2001,Antracite e grigio scuro
CMC.C55.FW2022.B,
CMC.C55.FW2022.G,
CPP3830-9145 Flanell Karo,Marrone e mocha
CRP (CRS),Fucsia e rosa vivace
DEN,Azzurro polvere e denim
DSF 0-9999 3060,Rosa pastello e antico
Ecru,Ecru e lino naturale
ECRU,Ecru e lino naturale
Ecru  (SRE),Ecru e lino naturale
ECRU',Ecru e lino naturale
ELEFANTE FODERA FUCSIA,Fantasie: animali
Fantasia Animali,Fantasie: animali
FANTASIA CILIEGIE,Fantasie: natura
fantasia gatti,Fantasie: animali
Fantasia gatti,Fantasie: animali
FANTASIA TEJIDO MTD 68951,Fantasie: natura
FANTASIA TEJIDO SRE091,Fantasie: natura
FARWAY - COMO,
FKS,
FLOWER,Fantasie: natura
FLOWER + FUCSIA,Fantasie: natura
FLOWER+  FODERA PINK,Fantasie: natura
FLOWER+ AZAFATA,Fantasie: natura
FLOWER+ PINK,Fantasie: natura
Flowers,Fantasie: natura
Flowers (MTD),Fantasie: natura
FSK,Fantasie: personaggi
GFR,Fantasie: animali
Giallo,Giallo e ocra
GIRAFFA TURCHESE + Voile,Fantasie: animali
Glicine,Lilla e lavanda
GSM,
IGR B 3808-4018,
IVEY GREEN O444-4018,Verde bosco e scuri
Jeans,Azzurro polvere e denim
jumbo,Fantasie: natura
JUMBO,Fantasie: natura
JUMBO +TOPPE CHARDONNEY,Giallo e ocra
JUMBO+ chardonney,Giallo e ocra
JUMBO+ LILAC,Lilla e lavanda
JUMBO+ PINK,Rosa cipria e nude
JUMBO+ PINK fucsia,Fucsia e rosa vivace
kaki,Verde khaki e militare
KAKI,Verde khaki e militare
KAKI LINO,Verde khaki e militare
LI- PS,Panna e avorio
LI-043 Kaki,Verde khaki e militare
LIGHT LAVENDER,Lilla e lavanda
LINO,Ecru e lino naturale
lips,Fantasie: natura
LIPS,Ecru e lino naturale
LIPS LINO,Ecru e lino naturale
LIQUEN,Celeste lino e polvere
Magenta,Fucsia e rosa vivace
MARINA,Fantasia marina
MARINA/BLUE SHADOW,Blu navy e notte
Marrone,Marrone e mocha
MGL.C77.FW2122.RC,Bianco puro
MGL.C77.FW2122.RV,Off-white e cloud
MGL.C88.FW2022.B,Bering sea
MGL.C88.FW2022.N,Panna e avorio
MGL.C88.FW2022.RL,Lilla e lavanda
MGL.C88.FW2022.RR,Verde salvia e aloe
MGL.C88.FW2022.V,
MINT GREEN,Verde salvia e aloe
MRD,Rosa cipria e nude
MRM,Blu e azzurro intenso
MSB,Marrone e mocha
"N3890 SWEAR, ALLOVER",Fantasie: natura
NOCHE,Blu navy e notte
NTP,Panna e avorio
NTV,Fucsia e rosa vivace
NUDE,Rosa cipria e nude
OCRA,Giallo e ocra
"P3830 SOFT TWILL,KARO",
PANTALONE VOILE BIANCO,Bianco puro
PCB,
PDF,Fantasie: natura
Petunia (geranio),Rosa cipria e nude
PINK,Rosa cipria e nude
PINK/FUCSIA,Fucsia e rosa vivace
PKS,
PKT,Fantasia marina
PNT.C88.FW2022.A,Bordeaux e mattone
PNT.C88.FW2022.V,Verde khaki e militare
Prugna,Prugna profondo
RAB,
RAB B3805-1020,Grigio melange e chiaro
RAB B3805-1021,Grigio melange e chiaro
RAB B3805-1022,Grigio melange e chiaro
RAB B3805-1023,Grigio melange e chiaro
RAPUNZEL /GREEN,Fantasie: personaggi
RAPUNZEL/ORANGE,Fantasie: personaggi
RAS,
RASPHODY,Fantasie: natura
RASPHODY MUSSOLINA FODERA JUMBO,Fucsia e rosa vivace
RBP,Grigio melange e chiaro
RED,Rosso e ciliegia
RED (ROSSO),Rosso e ciliegia
RED TANGO,Rosso e ciliegia
RENAI.ROSE E3808-3083,Rosa cipria e nude
RENAISSANCE ROSE.  NRR,Rosa cipria e nude
ROS,Rosa pastello e antico
ROSA,Rosa cipria e nude
ROSA MUSSOLINA ZEPHER,Rosa cipria e nude
ROSE 43 VERHEES popline,Rosa cipria e nude
ROSE DAWN MUSSOLINA,Rosa cipria e nude
ROSSO,Rosso e ciliegia
SAL.E38.FW2022.B,Azzurro polvere e denim
SAL.E38.FW2022.R,Bordeaux e mattone
SAL.E38.FW2022.V,Verde khaki e militare
SEA GREEN B3805-4015,Verde bosco e scuri
SLP.444.FW2022.B,Blu navy e notte
SLP.444.FW2022.C,Marrone e mocha
SLP.444.FW2022.V,
Sogno (Rosa),Rosa cipria e nude
SPR,Azzurro polvere e denim
STELLA MARINA,Fantasia marina
SUDAN BROWN E3808-2021,Giallo e ocra
SWEET LAVENDER,Lilla e lavanda
SWEET LAVENDER (lil),Lilla e lavanda
TANGO RED E3808 - 3083,Rosso e ciliegia
TANGO RED E3808-3029,Rosso e ciliegia
Tejido voile estampe tessuto a fiori,Fantasie: natura
TMC,
TTN.C77.FW2022.A,Bordeaux e mattone
TTN.C77.FW2022.B,Bering sea
TTN.C77.FW2022.S,Verde bosco e scuri
TTN.C77.FW2022.V,Verde khaki e militare
TTN.E38.FW2022.B,
TTN.E38.FW2022.R,Bordeaux e mattone
TTN.E38.FW2022.V,Azzurro polvere e denim
TVE,
V752 SAND TEJIDO,Beige e sabbia
verde,Verde bosco e scuri
VERDE,Verde bosco e scuri
VERDE (NCG),Verde bosco e scuri
VOILE 94 LILLAC,Lilla e lavanda
Voile Bianco,Bianco puro
VSC (NTU),Panna e avorio
VST.E38.FW2022.B,Azzurro polvere e denim
VST.E38.FW2022.R,Bordeaux e mattone
VST.E38.FW2022.V,Verde khaki e militare
VYC,
WHM,Panna e avorio
WHT,Bianco puro
WHT (NTU),Off-white e cloud
ZEB,Fantasie: animali
ZEB Popline,Fantasie: animali
ZPM,Rosa pastello e antico
